,Feature
YAL038W,41
YEL035C,38
YEL034W,36
YGR287C,35
YLR044C,34
YOL126C,32
YCR012W,28
YBR118W,27
YOL109W,27
YJL089W,26
YBR072W,25
YER088C,25
YOL052C-A,25
YCR048W,24
YDR155C,23
YPL135W,23
YOR302W,23
YKL096W-A,23
YFL014W,22
YCL048W-A,22
YKL152C,21
YBR196C,21
YGR254W,21
YKR039W,20
YBL003C,20
YDR225W,20
YLR249W,20
YHR087W,19
YDR134C,19
YPR036W-A,19
YNL036W,18
YHR139C,18
YER098W,18
YDR224C,18
YDL218W,18
YPL004C,18
YEL008W,17
YOR136W,17
YBR068C,17
YBR010W,17
YDR233C,17
YEL017C-A,16
YDL133C-A,16
YBR117C,16
YER091C,16
YOR183W,16
YBR101C,15
YDL222C,15
YGR142W,15
YMR251W-A,15
YPR192W,15
YKL216W,15
YMR136W,15
YGL123W,15
YAR035W,15
YCR051W,14
YPR065W,14
YDR524C-B,14
YDR070C,14
YJL159W,14
YOR161C,14
YPL198W,14
YER053C-A,13
YDR050C,13
YKL060C,13
YLR327C,13
YOL086C,13
YGL103W,13
YGL062W,13
YGL055W,13
YBR249C,13
YLL024C,13
YOR374W,13
YOR052C,13
YPL223C,13
YDL051W,13
YDL052C,13
YLR110C,13
YGR086C,13
YOR063W,12
YPR035W,12
YDL182W,12
YBR230C,12
YJL034W,12
YDL192W,12
YMR250W,12
YGL106W,12
YBR009C,12
YIL134C-A,12
YLR167W,12
YLL026W,12
YGR088W,12
YDL204W,12
YLR438C-A,12
YBR025C,12
YLR056W,12
YOR187W,12
YDR077W,12
YGR130C,11
YPL020C,11
YPR080W,11
YOR096W,11
YMR201C,11
YPL091W,11
YOR100C,11
YBR016W,11
YPL217C,11
YIL047C,11
YPL250C,11
YEL071W,11
YDR276C,11
YML028W,11
YIL148W,11
YPL049C,11
YGR060W,11
YMR122W-A,11
YEL054C,11
YNL052W,11
YDR055W,11
YNL118C,11
YNL134C,11
YOR335C,11
YLR075W,11
YMR120C,11
YBL064C,11
YPL189C-A,11
YKL050C,11
YJL166W,10
YGR161C,10
YNL154C,10
YMR186W,10
YOR120W,10
YKL054C,10
YMR122C,10
YDR516C,10
YDR525W,10
YKR041W,10
YEL044W,10
YPR145W,10
YAL005C,10
YOR298C-A,10
YNL336W,10
YLR297W,10
YDR010C,10
YCR005C,10
YCR024C-A,10
YNL157W,10
YOR054C,10
YDL075W,10
YMR195W,10
YHR033W,10
YFR053C,10
YOR351C,10
YDL128W,10
YLL039C,10
YHR144C,10
YOR173W,10
YMR297W,10
YPL230W,10
YOR167C,10
YBL039W-B,10
YHR173C,10
YBR119W,10
YKR101W,10
YJR091C,10
YGR209C,10
YHR174W,10
YDL177C,10
YLR185W,10
YMR121C,10
YPL240C,10
YDR119W-A,10
YNR009W,9
YLR025W,9
YLL021W,9
YFL031W,9
YNR050C,9
YLR293C,9
YOL019W-A,9
YCR037C,9
YML063W,9
YNL242W,9
YML065W,9
YBR085C-A,9
YNL031C,9
YGR282C,9
YJR109C,9
YJL027C,9
YPL131W,9
YML127W,9
YNL067W,9
YGR197C,9
YLR164W,9
YGR192C,9
YOR348C,9
YHR179W,9
YKL142W,9
YDL184C,9
YBL002W,9
YHR151C,9
YLR315W,9
YDL153C,9
YIL136W,9
YGR055W,9
YIL072W,9
YNL194C,9
YNL110C,9
YHR005C-A,9
YLR325C,9
YKL206C,9
YKL205W,9
YJL164C,9
YOR031W,9
YPR151C,9
YGR085C,9
YEL046C,9
YNL098C,9
YMR242W-A,9
YGR202C,9
YJL026W,9
YDR025W,9
YOR157C,9
YKL148C,9
YMR069W,8
YEL026W,8
YGL200C,8
YJL045W,8
YHR007C,8
YNL308C,8
YMR011W,8
YMR015C,8
YBR132C,8
YFL030W,8
YEL027W,8
YFL015C,8
YEL024W,8
YLR270W,8
YJR062C,8
YGR189C,8
YNL007C,8
YJR055W,8
YOL059W,8
YMR072W,8
YLL018C-A,8
YGL045W,8
YDR385W,8
YER141W,8
YKL056C,8
YBL082C,8
YBL075C,8
YDL130W,8
YBL015W,8
YOR328W,8
YMR196W,8
YMR112C,8
YLR414C,8
YLR058C,8
YGR243W,8
YER136W,8
YLR097C,8
YKL146W,8
YMR170C,8
YLR354C,8
YMR168C,8
YLR111W,8
YDL055C,8
YHR126C,8
YKL117W,8
YOR230W,8
YAL035W,8
YML058W,8
YHR096C,8
YGR285C,8
YNL143C,8
YHR115C,8
YKL010C,8
YPR112C,8
YNL240C,8
YNL104C,8
YPL001W,8
YML097C,8
YOL052C,8
YOR368W,8
YGR220C,8
YLR420W,8
YML096W,8
YPL260W,8
YPL017C,8
YLR214W,8
YGR236C,8
YOL039W,8
YCR047C,8
YOL040C,8
YJL171C,8
YGL097W,8
YNL244C,8
YER070W,7
YDL181W,7
YNL239W,7
YLR150W,7
YER117W,7
YBR271W,7
YER096W,7
YHL038C,7
YNL247W,7
YPL160W,7
YOR193W,7
YBR264C,7
YLR137W,7
YLR218C,7
YHL039W,7
YER020W,7
YDL022W,7
YHR020W,7
YLR174W,7
YDR022C,7
YMR006C,7
YPL203W,7
YCL030C,7
YER165W,7
YML030W,7
YLR063W,7
YCL034W,7
YCL040W,7
YDR047W,7
YDL126C,7
YDL124W,7
YDL229W,7
YPL186C,7
YDR169C,7
YLR177W,7
YML007C-A,7
YDR043C,7
YLR219W,7
YBR297W,7
YDR040C,7
YGR222W,7
YOR068C,7
YGR181W,7
YIL040W,7
YNL277W-A,7
YDR032C,7
YHR104W,7
YDL020C,7
YDR313C,7
YGR136W,7
YKL051W,7
YDR380W,7
YJR089W,7
YOL066C,7
YMR302C,7
YHR140W,7
YGR034W,7
YMR182C,7
YNL014W,7
YLR276C,7
YLR448W,7
YNR014W,7
YHR139C-A,7
YPR149W,7
YKL068W-A,7
YMR097C,7
YGR074W,7
YBR031W,7
YPR033C,7
YJR154W,7
YMR203W,7
YKL006W,7
YDR274C,7
YPR048W,7
YPR038W,7
YGL198W,7
YBL043W,7
YLR256W,7
YNR028W,7
YKR050W,7
YPL002C,7
YMR217W,7
YMR278W,7
YGL191W,7
YGR098C,7
YOR002W,7
YOL058W,7
YMR169C,7
YAL025C,7
YBR058C-A,7
YOR040W,7
YMR244W,7
YKL086W,7
YMR131C,7
YLR355C,7
YMR243C,7
YPR184W,7
YOL127W,7
YDR222W,7
YOL117W,7
YGL163C,7
YKL081W,7
YLR389C,7
YKR074W,7
YGL030W,7
YGL148W,7
YHR196W,6
YPL270W,6
YDL197C,6
YGR217W,6
YBR056W,6
YHL015W,6
YIL045W,6
YKR001C,6
YKL005C,6
YBL001C,6
YJR113C,6
YGR169C-A,6
YDR074W,6
YDR342C,6
YDL214C,6
YMR241W,6
YOR149C,6
YOR344C,6
YBR047W,6
YNL217W,6
YLR048W,6
YDR079W,6
YDR078C,6
YER036C,6
YIL030C,6
YIL031W,6
YBR024W,6
YMR239C,6
YDR098C,6
YOR363C,6
YIL099W,6
YNL199C,6
YMR205C,6
YHL033C,6
YLR350W,6
YMR174C,6
YAL003W,6
YDL084W,6
YLR162W,6
YOR202W,6
YGL026C,6
YKL082C,6
YOR285W,6
YOL112W,6
YDL007W,6
YAL023C,6
YOR273C,6
YDL056W,6
YLR138W,6
YGL011C,6
YNL149C,6
YMR161W,6
YLR385C,6
YOR259C,6
YKL096W,6
YAL054C,6
YER080W,6
YHR112C,6
YOR186W,6
YML072C,6
YNL121C,6
YBL056W,6
YDL168W,6
YDL167C,6
YER156C,6
YLR060W,6
YKL208W,6
YGL080W,6
YHR167W,6
YLR064W,6
YOR324C,6
YGR248W,6
YDR373W,6
YJL190C,6
YDR388W,6
YBL059W,6
YDR052C,6
YJL191W,6
YBL059C-A,6
YDR049W,6
YBL068W,6
YDR487C,6
YPR125W,6
YDR384C,6
YGR037C,6
YKL063C,6
YHR155W,6
YNL315C,6
YEL039C,6
YLR220W,6
YMR285C,6
YFR021W,6
YBR161W,6
YJL070C,6
YJR064W,6
YOR007C,6
YPL066W,6
YKR059W,6
YPL061W,6
YNL269W,6
YEL012W,6
YMR007W,6
YOR101W,6
YCR020W-B,6
YDR137W,6
YNL305C,6
YJR016C,6
YNL030W,6
YDR189W,6
YOR027W,6
YPL201C,6
YNL071W,6
YLR255C,6
YOR021C,6
YBR187W,6
YBR195C,6
YMR023C,6
YJR034W,6
YMR012W,6
YPL101W,6
YLR225C,6
YHR010W,6
YLL033W,6
YGL228W,6
YFR013W,6
YGL227W,6
YPL112C,6
YMR291W,6
YGR129W,6
YMR286W,6
YHR004C,6
YJR030C,6
YKR042W,6
YPL189W,6
YGL188C-A,6
YFL041W,6
YBR265W,6
YER021W,6
YPL032C,6
YNL248C,6
YLR213C,6
YCR063W,6
YFR037C,6
YFR038W,6
YBR086C,6
YGR097W,6
YDR304C,6
YJL028W,6
YFL045C,6
YKR097W,6
YJL117W,6
YNL241C,6
YNL037C,6
YGR216C,6
YFR051C,6
YDR213W,6
YGR174W-A,6
YMR256C,6
YGR154C,6
YKR083C,6
YMR083W,6
YCR045C,6
YCR046C,6
YDR194C,5
YHR116W,5
YNL016W,5
YIL109C,5
YER067W,5
YHL036W,5
YDR481C,5
YOR028C,5
YHR008C,5
YHR018C,5
YDR026C,5
YDR441C,5
YHR100C,5
YHR019C,5
YDR169C-A,5
YDR190C,5
YDR461W,5
YLR386W,5
YDR403W,5
YLR381W,5
YML071C,5
YIL090W,5
YLR238W,5
YOR201C,5
YER062C,5
YOL125W,5
YML128C,5
YLR250W,5
YLR237W,5
YER065C,5
YDR194W-A,5
YLR236C,5
YDR479C,5
YOR046C,5
YDR004W,5
YDR435C,5
YDR308C,5
YLR224W,5
YHR007C-A,5
YNR008W,5
YOR163W,5
YER016W,5
YNR021W,5
YOL016C,5
YOL020W,5
YHL011C,5
YNR010W,5
YDR531W,5
YOL065C,5
YLR191W,5
YNR020C,5
YML081C-A,5
YOR152C,5
YLR304C,5
YIL053W,5
YNR015W,5
YLR211C,5
YDR118W,5
YLR295C,5
YER035W,5
YOR138C,5
YNL081C,5
YOL048C,5
YHR201C,5
YHR195W,5
YOR125C,5
YOL031C,5
YDR513W,5
YHL004W,5
YER055C,5
YDR511W,5
YDR042C,5
YEL056W,5
YDR381W,5
YOR083W,5
YLR346C,5
YOR086C,5
YOR016C,5
YNL112W,5
YLR296W,5
YIL009W,5
YDR059C,5
YLR340W,5
YHR041C,5
YDR506C,5
YDR356W,5
YDR064W,5
YLR259C,5
YDR508C,5
YER005W,5
YLR439W,5
YOR165W,5
YOL071W,5
YLR180W,5
YDR270W,5
YDR142C,5
YOR108W,5
YDR510W,5
YDR096W,5
YML017W,5
YCR022C,5
YFR011C,5
YPR085C,5
YNL261W,5
YCR020C-A,5
YPL220W,5
YMR284W,5
YBR159W,5
YBR162C,5
YBR056W-A,5
YGL209W,5
YPL213W,5
YPL207W,5
YNL277W,5
YCL009C,5
YCL017C,5
YKR066C,5
YGR201C,5
YFL005W,5
YKR067W,5
YGR052W,5
YGR057C,5
YJL052C-A,5
YPL012W,5
YJL077W-A,5
YPR086W,5
YPL243W,5
YGR221C,5
YLR021W,5
YJL126W,5
YMR283C,5
YPR103W,5
YPR098C,5
YPR010C,5
YGR211W,5
YJL101C,5
YCR065W,5
YPL222W,5
YCR061W,5
YMR118C,5
YJL093C,5
YNL255C,5
YMR002W,5
YPL229W,5
YCR028C,5
YPL060W,5
YCR024C-B,5
YJL052W,5
YLL045C,5
YJL137C,5
YCL058C,5
YNL142W,5
YJL020C,5
YGL120C,5
YNL314W,5
YGL121C,5
YBR237W,5
YBR236C,5
YKR096W,5
YPR025C,5
YFR049W,5
YNL321W,5
YMR047C,5
YGR157W,5
YGL252C,5
YGR152C,5
YGR149W,5
YMR096W,5
YBR209W,5
YJR019C,5
YBR036C,5
YKR072C,5
YPL147W,5
YPL151C,5
YBR191W,5
YKL019W,5
YMR194C-B,5
YFR016C,5
YKL197C,5
YBL041W,5
YPL177C,5
YNL295W,5
YKL035W,5
YBR048W,5
YMR296C,5
YBL014C,5
YBR006W,5
YPL170W,5
YLL046C,5
YMR300C,5
YJL043W,5
YPL166W,5
YMR303C,5
YMR216C,5
YJL036W,5
YPL164C,5
YBR201W,5
YPL276W,5
YBR126C,5
YPR181C,5
YMR145C,5
YOR293C-A,5
YOR294W,5
YMR082C,5
YDL087C,5
YJL210W,5
YMR080C,5
YOR301W,5
YBR121C,5
YOR303W,5
YPL028W,5
YNL173C,5
YMR090W,5
YLR094C,5
YML050W,5
YOR304C-A,5
YOR305W,5
YAL040C,5
YLR092W,5
YJL196C,5
YDL120W,5
YKL094W,5
YER121W,5
YKL106W,5
YLR113W,5
YOR242C,5
YOR255W,5
YPL014W,5
YGR091W,5
YOR267C,5
YOR272W,5
YPL015C,5
YER103W,5
YER109C,5
YDL066W,5
YOR293W,5
YAL058W,5
YNL160W,5
YPL022W,5
YLR109W,5
YDL072C,5
YML052W,5
YDL076C,5
YGR268C,5
YGR267C,5
YDL123W,5
YPL111W,5
YER145C,5
YKL150W,5
YJL158C,5
YGL037C,5
YML018C,5
YGL038C,5
YER175C,5
YER175W-A,5
YOR369C,5
YKL065W-A,5
YBR071W,5
YPL054W,5
YER177W,5
YGR033C,5
YKR055W,5
YER180C,5
YGR036C,5
YER180C-A,5
YDL236W,5
YJL144W,5
YPR005C,5
YPR127W,5
YMR281W,5
YDL131W,5
YML024W,5
YDL198C,5
YLR061W,5
YPR175W,5
YDL133W,5
YOR315W,5
YAL030W,5
YPR174C,5
YAL021C,5
YDL148C,5
YPL047W,5
YKL132C,5
YMR127C,5
YJL173C,5
YOR347C,5
YOR343C,5
YJR103W,5
YMR175W,5
YJR077C,5
YDL195W,5
YMR244C-A,4
YLR423C,4
YMR092C,4
YGR089W,4
YMR246W,4
YLR417W,4
YGL156W,4
YMR238W,4
YLR421C,4
YGL144C,4
YER087C-B,4
YGR083C,4
YMR137C,4
YGL050W,4
YLR390W-A,4
YLR390W,4
YGR030C,4
YDR482C,4
YMR175W-A,4
YMR173W,4
YMR129W,4
YGR017W,4
YNR052C,4
YGL054C,4
YMR138W,4
YMR140W,4
YHR094C,4
YGR008C,4
YGR002C,4
YGR003W,4
YDR461C-A,4
YGR004W,4
YDR460W,4
YGR038W,4
YMR185W,4
YDR519W,4
YMR200W,4
YGL122C,4
YDR517W,4
YMR229C,4
YMR104C,4
YGL108C,4
YGR067C,4
YGR066C,4
YGL096W,4
YMR202W,4
YDR505C,4
YHR080C,4
YLR413W,4
YLR412W,4
YNR032W,4
YGL066W,4
YHR073W,4
YLR405W,4
YMR117C,4
YHR078W,4
YNR038W,4
YMR088C,4
YGR161W-C,4
YDR525W-A,4
YML081W,4
YNL107W,4
YER166W,4
YER168C,4
YER171W,4
YGR232W,4
YNL099C,4
YHR105W,4
YML087C,4
YER178W,4
YML016C,4
YNL083W,4
YNL222W,4
YML008C,4
YNL080C,4
YER030W,4
YNL077W,4
YGR215W,4
YNL075W,4
YGR214W,4
YML004C,4
YNL250W,4
YFL029C,4
YHL001W,4
YNL200C,4
YER154W,4
YGR204C-A,4
YER153C,4
YER075C,4
YER094C,4
YNL131W,4
YER071C,4
YER068W,4
YML070W,4
YER063W,4
YER061C,4
YER122C,4
YGR266W,4
YER126C,4
YNL168C,4
YGR264C,4
YHL030W,4
YER140W,4
YNL186W,4
YGR256W,4
YML078W,4
YGR251W,4
YER048C,4
YNL111C,4
YML031W,4
YKL100C,4
YML107C,4
YHR001W-A,4
YGL162W,4
YML130C,4
YMR039C,4
YGR146C-A,4
YMR311C,4
YGR144W,4
YMR308C,4
YMR307W,4
YGL236C,4
YGL235W,4
YHR037W,4
YNL010W,4
YMR295C,4
YMR062C,4
YEL065W,4
YGL202W,4
YEL066W,4
YEL068C,4
YGL196W,4
YGR121W-A,4
YNR007C,4
YMR067C,4
YLR432W,4
YMR262W,4
YDR527W,4
YGR159C,4
YEL031W,4
YER008C,4
YNL313C,4
YML108W,4
YNL270C,4
YFL009W,4
YGR199W,4
YFL002C,4
YFL001W,4
YNL281W,4
YFR015C,4
YFR017C,4
YNL294C,4
YNL298W,4
YMR027W,4
YML116W,4
YFR027W,4
YNL049C,4
YFR029W,4
YGR179C,4
YML119W,4
YML120C,4
YGR174C,4
YFR035C,4
YFR036W,4
YMR030W-A,4
YKL096C-B,4
YDR150W,4
YHR106W,4
YCL018W,4
YCR006C,4
YCR010C,4
YPL216W,4
YPL219W,4
YCR021C,4
YLL015W,4
YCR050C,4
YJL099W,4
YCR069W,4
YPL245W,4
YJL109C,4
YLR009W,4
YCR087C-A,4
YJL127C,4
YPL262W,4
YPL265W,4
YLR020C,4
YLR029C,4
YCR106W,4
YJL143W,4
YLR373C,4
YPL200W,4
YJL066C,4
YLR136C,4
YCL037C,4
YLL051C,4
YPL163C,4
YJL035C,4
YPL167C,4
YPL168W,4
YBR286W,4
YPL171C,4
YBR290W,4
YJL047C-A,4
YPL178W,4
YPL179W,4
YBR296C-A,4
YBR299W,4
YCL061C,4
YCL056C,4
YLL043W,4
YCL054W,4
YCL049C,4
YCL048W,4
YCL043C,4
YPL190C,4
YOR375C,4
YLR042C,4
YDL227C,4
YDL220C,4
YDL081C,4
YLR099W-A,4
YDL078C,4
YOR291W,4
YDL067C,4
YOR276W,4
YOR275C,4
YOR274W,4
YIR037W,4
YDL048C,4
YDL046W,4
YIR036C,4
YOR262W,4
YDL044C,4
YOR254C,4
YDL030W,4
YLR118C,4
YLR119W,4
YDL018C,4
YLR130C,4
YOR239W,4
YDL082W,4
YJL212C,4
YLR099C,4
YDL173W,4
YDL219W,4
YOR367W,4
YJL153C,4
YDL215C,4
YDL213C,4
YOR362C,4
YJL155C,4
YJL167W,4
YJL172W,4
YDL169C,4
YOR304W,4
YJL178C,4
YOR336W,4
YDL159W-A,4
YOR329C,4
YOR319W,4
YOR317W,4
YDL129W,4
YLR083C,4
YDL110C,4
YPL156C,4
YLL056C,4
YPL150W,4
YPR026W,4
YKL179C,4
YKL052C,4
YBL076C,4
YKL181W,4
YKL183C-A,4
YBL060W,4
YBL051C,4
YKL043W,4
YKL042W,4
YBL045C,4
YPR081C,4
YBL029C-A,4
YKL207W,4
YKL022C,4
YKL020C,4
YPR056W,4
YBL007C,4
YJR146W,4
YKR006C,4
YBR017C,4
YPR029C,4
YKL053C-A,4
YKL170W,4
YPR133C,4
YKL125W,4
YAL063C-A,4
YKL105C,4
YKL110C,4
YPR187W,4
YPR186C,4
YPR183W,4
YKL113C,4
YKL084W,4
YKL122C,4
YPR166C,4
YKL062W,4
YKL080W,4
YAR015W,4
YAR018C,4
YPR154W,4
YKL067W,4
YKL156W,4
YBL100W-C,4
YPR140W,4
YPR139C,4
YJR137C,4
YJR135W-A,4
YKR099W,4
YPR024W,4
YJR052W,4
YPL088W,4
YPL095C,4
YJR045C,4
YPL097W,4
YJR040W,4
YBR186W,4
YBR189W,4
YPL106C,4
YPL117C,4
YBR203W,4
YJR022W,4
YBR211C,4
YPL124W,4
YPL127C,4
YBR218C,4
YKR087C,4
YKR089C,4
YBR223C,4
YBR225W,4
YBR230W-A,4
YPL081W,4
YJR059W,4
YBR151W,4
YPL011C,4
YBR038W,4
YKR017C,4
YPR017C,4
YJR122W,4
YJR118C,4
YBR063C,4
YJR108W,4
YJR100C,4
YBR083W,4
YBR085W,4
YKR052C,4
YKR031C,4
YPL019C,4
YBR111C,4
YBR111W-A,4
YJR086W,4
YPL037C,4
YPL038W,4
YBR144C,4
YPL050C,4
YOR236W,4
YOR376W,4
YOR026W,4
YLR245C,4
YDR186C,4
YOR059C,4
YOR057W,4
YIL098C,4
YDR202C,4
YIL101C,4
YLR246W,4
YIL105C,4
YDR208W,4
YDR214W,4
YDR215C,4
YDR221W,4
YOR034C,4
YIL119C,4
YIL120W,4
YDL007C-A,4
YIL124W,4
YIL097W,4
YOR066W,4
YIL039W,4
YDR174W,4
YIL046W,4
YDR123C,4
YDR126W,4
YOR113W,4
YIL066C,4
YOR107W,4
YDR143C,4
YOR099W,4
YOR098C,4
YMR141C,4
YOR097C,4
YDR158W,4
YOR087W,4
YOR085W,4
YLR233C,4
YDR171W,4
YLR234W,4
YIL125W,4
YIL130W,4
YDR244W,4
YIL135C,4
YOL084W,4
YOL085C,4
YOL101C,4
YDR387C,4
YDR390C,4
YDR393W,4
YHR135C,4
YDR399W,4
YHR133C,4
YHR132C,4
YHR129C,4
YLR356W,4
YOL137W,4
YHR117W,4
YLR361C,4
YDR448W,4
YLR371W,4
YHR161C,4
YLR328W,4
YDR343C,4
YHR204W,4
YOR011W,4
YLR260W,4
YOL005C,4
YDR275W,4
YOL006C,4
YLR267W,4
YDR298C,4
YHR199C-A,4
YHR181W,4
YLR300W,4
YDR322C-A,4
YHR193C,4
YLR307C-A,4
YHR183W,4
YOL062C,4
YDR337W,4
YDR111C,4
YGR007W,4
YOR132W,4
YDR017C,4
YDR035W,4
YOR179C,4
YOR214C,4
YLR173W,4
YDR034C,4
YLR172C,4
YLR146W-A,4
YLR193C,4
YOR154W,4
YOR222W,4
YLR146C,4
YOR209C,4
YDR106W,4
YOR184W,4
YLR176C,4
YDR105C,4
YOR219C,4
YOR164C,4
YIL017C,4
YGR274C,3
YJR132W,3
YJR123W,3
YLR175W,3
YKR013W,3
YMR093W,3
YJR135C,3
YJR126C,3
YHR203C,3
YGR275W,3
YGR276C,3
YLR303W,3
YJR136C,3
YGR080W,3
YLR100W,3
YMR098C,3
YMR101C,3
YKR008W,3
YMR103C,3
YKR007W,3
YKR003W,3
YML053C,3
YKL002W,3
YJR148W,3
YJR119C,3
YKR027W,3
YKR026C,3
YMR076C,3
YLR274W,3
YGR101W,3
YJR092W,3
YGR271C-A,3
YMR081C,3
YIL154C,3
YMR075C-A,3
YLR285W,3
YIL153W,3
YLR436C,3
YHL029C,3
YJR082C,3
YJR079W,3
YKR044W,3
YMR085W,3
YKR035W-A,3
YJR094W-A,3
YJR097W,3
YIL158W,3
YJR099W,3
YLR424W,3
YGR093W,3
YGR092W,3
YHR057C,3
YIL160C,3
YIL164C,3
YJR101W,3
YJR102C,3
YJR104C,3
YMR110C,3
YJR107W,3
YHR067W,3
YKL013C,3
YKL003C,3
YKL141W,3
YGR025W,3
YKL129C,3
YKL133C,3
YHR128W,3
YLR121C,3
YKL077W,3
YIR033W,3
YLR312C,3
YLR115W,3
YMR124W,3
YLR148W,3
YKL065C,3
YLR114C,3
YLR392C,3
YKL126W,3
YHR124W,3
YKL124W,3
YGR020C,3
YIR029W,3
YHR118C,3
YKL085W,3
YLR382C,3
YGR015C,3
YHL042W,3
YGR010W,3
YML067C,3
YKL091C,3
YKL092C,3
YHR111W,3
YKL104C,3
YHL037C,3
YKL160W,3
YHR143W-A,3
YLR393W,3
YKL195W,3
YMR111C,3
YLR438W,3
YKL016C,3
YLR314C,3
YLR320W,3
YKL212W,3
YKL027W,3
YGR061C,3
YHR171W,3
YML054C-A,3
YKL033W-A,3
YLR330W,3
YHR162W,3
YKL038W,3
YMR114C,3
YKL175W,3
YIR010W,3
YLR412C-A,3
YGR049W,3
YGR048W,3
YLR335W,3
YKL044W,3
YKL045W,3
YLR337C,3
YLR154C-H,3
YLR411W,3
YLR152C,3
YHR153C,3
YLR399C,3
YHR150W,3
YJR074W,3
YKR057W,3
YGR122W,3
YJL071W,3
YJL063C,3
YJL065C,3
YHR015W,3
YIL027C,3
YML088W,3
YLL027W,3
YJL072C,3
YJL061W,3
YJL174W,3
YLR228C,3
YMR008C,3
YML029W,3
YJL074C,3
YLR199C,3
YLL028W,3
YML086C,3
YJL047C,3
YLR071C,3
YHR024C,3
YJL048C,3
YLR078C,3
YGR247W,3
YGR183C,3
YLR072W,3
YIL094C,3
YJL055W,3
YIL022W,3
YIL092W,3
YHR017W,3
YMR014W,3
YLR195C,3
YLR243W,3
YJL076W,3
YMR003W,3
YHR005C,3
YLR216C,3
YIL035C,3
YML022W,3
YIL065C,3
YHL005C,3
YLR205C,3
YML103C,3
YML007W,3
YJL077C,3
YJL140W,3
YJL141C,3
YIL061C,3
YHL013C,3
YJL145W,3
YHL020C,3
YJL161W,3
YJL122W,3
YJL118W,3
YLR006C,3
YJL163C,3
YLR003C,3
YLR002C,3
YHR002W,3
YLR200W,3
YJL100W,3
YGR240C,3
YJL094C,3
YLL011W,3
YJL170C,3
YIL033C,3
YJL082W,3
YJL079C,3
YGR255C,3
YLR079W,3
YML074C,3
YJR033C,3
YLR258W,3
YJR044C,3
YHR039C-A,3
YJR036C,3
YGR141W,3
YIL007C,3
YLR253W,3
YGR132C,3
YJR032W,3
YIL132C,3
YJR031C,3
YLR096W,3
YLR178C,3
YJL205C,3
YJR046W,3
YHR042W,3
YHR026W,3
YKR065C,3
YJL149W,3
YHR047C,3
YKR058W,3
YJR065C,3
YMR063W,3
YIL151C,3
YLR262C,3
YJR049C,3
YGR127W,3
YIL006W,3
YJR051W,3
YJR050W,3
YHR043C,3
YMR060C,3
YKR075C,3
YJL201W,3
YLR451W,3
YJL200C,3
YGR165W,3
YML038C,3
YJL029C,3
YIL117C,3
YLR248W,3
YLL054C,3
YMR029C,3
YGR153W,3
YLR090W,3
YIL106W,3
YGR175C,3
YJL037W,3
YGR178C,3
YJL044C,3
YMR035W,3
YLR179C,3
YJL016W,3
YJL011C,3
YKR095W,3
YJR005W,3
YML042W,3
YKR091W,3
YLR456W,3
YHR031C,3
YML043C,3
YML046W,3
YJR010C-A,3
YGR155W,3
YLR251W,3
YLR452C,3
YJR015W,3
YLR143W,3
YAL067C,3
YMR143W,3
YOR161C-C,3
YOR140W,3
YOR141C,3
YDR090C,3
YDR089W,3
YDR088C,3
YOR145C,3
YOR156C,3
YDR071C,3
YOR131C,3
YDR069C,3
YOR171C,3
YOR174W,3
YOR176W,3
YOR177C,3
YOR181W,3
YDR046C,3
YOR133W,3
YOR130C,3
YDR524C,3
YDR159W,3
YMR146C,3
YDR184C,3
YOR060C,3
YOR061W,3
YOR077W,3
YDR170C,3
YDR168W,3
YDR151C,3
YOR128C,3
YOR110W,3
YDR130C,3
YDR128W,3
YOR114W,3
YOR116C,3
YOR119C,3
YDR117C,3
YDR041W,3
YOR185C,3
YDR036C,3
YOR313C,3
YDL088C,3
YDL095W,3
YDL097C,3
YDL105W,3
YDL107W,3
YDL108W,3
YOR310C,3
YDL116W,3
YDR034W-B,3
YDL122W,3
YDL130W-A,3
YOR314W,3
YOR320C,3
YOR327C,3
YOR334W,3
YOR337W,3
YOR297C,3
YOR290C,3
YDL070W,3
YOR289W,3
YDR030C,3
YOR198C,3
YDR014W,3
YOR208W,3
YOR210W,3
YOR213C,3
YOR226C,3
YOR231W,3
YOR235W,3
YDL017W,3
YDL021W,3
YDL025C,3
YDL029W,3
YOR253W,3
YOR271C,3
YDR205W,3
YOR043W,3
YDR211W,3
YOL114C,3
YDR444W,3
YOL139C,3
YDR440W,3
YOL138C,3
YOL132W,3
YOL131W,3
YOL115W,3
YOL111C,3
YDR375C,3
YOL110W,3
YDR404C,3
YDR402C,3
YDR394W,3
YOL103W,3
YDR382W,3
YOL098C,3
YOL142W,3
YOL143C,3
YDR454C,3
YOL155C,3
YNR018W,3
YNR026C,3
YNR027W,3
YDR501W,3
YDR499W,3
YNR032C-A,3
YDR496C,3
YNR033W,3
YDR484W,3
YNR047W,3
YDR478W,3
YDR476C,3
YDR469W,3
YNR075W,3
YOL158C,3
YOL097W-A,3
YOL092W,3
YDR212W,3
YOR012W,3
YDR296W,3
YDR285W,3
YDR280W,3
YOR004W,3
YDR258C,3
YDR256C,3
YOR011W-A,3
YDR246W-A,3
YDR368W,3
YDR246W,3
YOR023C,3
YDR238C,3
YDR235W,3
YOR029W,3
YOR035C,3
YOR037W,3
YOL026C,3
YOL028C,3
YDR305C,3
YDR309C,3
YDR367W,3
YDR363W-A,3
YDR362C,3
YOL077C,3
YDR352W,3
YDR346C,3
YDR345C,3
YDR344C,3
YOL061W,3
YOL055C,3
YOL054W,3
YDR320C,3
YOL041C,3
YDR315C,3
YDR314C,3
YDL161W,3
YOR340C,3
YDL183C,3
YBR050C,3
YPL003W,3
YBR072C-A,3
YPR002W,3
YBR066C,3
YPR008W,3
YBR060C,3
YBR053C,3
YPR018W,3
YPR051W,3
YBR039W,3
YBR033W,3
YBR021W,3
YPR034W,3
YBR011C,3
YBR008C,3
YPR042C,3
YBR074W,3
YBR080C,3
YBR097W,3
YBR103W,3
YPL067C,3
YPL063W,3
YPL059W,3
YPL055C,3
YBR149W,3
YBR145W,3
YBR143C,3
YPL048W,3
YBR140C,3
YPL043W,3
YPL042C,3
YPL041C,3
YPL036W,3
YBR114W,3
YBR109C,3
YPR043W,3
YBL013W,3
YPL082C,3
YAL019W,3
YAR014C,3
YPR158W,3
YPR168W,3
YAL011W,3
YAL016W,3
YPR171W,3
YPR172W,3
YAL020C,3
YPR067W,3
YAL022C,3
YAL029C,3
YAL033W,3
YPR190C,3
YAL049C,3
YPR198W,3
YAL062W,3
YAR028W,3
YBL102W,3
YBL101C,3
YPR141C,3
YBL022C,3
YBL026W,3
YBL027W,3
YBL030C,3
YPR074C,3
YBL042C,3
YBL049W,3
YBL050W,3
YBL057C,3
YPR110C,3
YBL079W,3
YBL084C,3
YPR132W,3
YBL093C,3
YPR138C,3
YPL075W,3
YBR169C,3
YDL188C,3
YPL231W,3
YCR068W,3
YCR060W,3
YCR059C,3
YCR053W,3
YPL237W,3
YPL236C,3
YPL232W,3
YCR030C,3
YCL045C,3
YCR020C,3
YPL211W,3
YCL002C,3
YPL195W,3
YCL032W,3
YCL036W,3
YCL038C,3
YCR073W-A,3
YCR075C,3
YCR075W-A,3
YPL247C,3
YOR349W,3
YOR356W,3
YDL200C,3
YDL207W,3
YDL208W,3
YDL209C,3
YDL216C,3
YDL223C,3
YOR372C,3
YOR373W,3
YPL280W,3
YCR104W,3
YCR092C,3
YPL249C-A,3
YPL249C,3
YCL044C,3
YPL183W-A,3
YPL083C,3
YPL119C,3
YBR233W,3
YBR231C,3
YPL130W,3
YBR219C,3
YPL126W,3
YPL123C,3
YBR208C,3
YPL118W,3
YCL055W,3
YBR192W,3
YPL099C,3
YPL098C,3
YPL096C-A,3
YBR180W,3
YPL096W,3
YPL087W,3
YBR238C,3
YBR241C,3
YPL143W,3
YBR247C,3
YPL183C,3
YPL173W,3
YBR280C,3
YBR279W,3
YBR278W,3
YBR276C,3
YBR274W,3
YBR273C,3
YPL161C,3
YBR263W,3
YPL155C,3
YBR259W,3
YBR258C,3
YPL145C,3
YPL144W,3
YNR016C,3
YDR204W,3
YNL190W,3
YER169W,3
YNL232W,3
YER188W,3
YER019C-A,3
YMR298W,3
YER025W,3
YER183C,3
YNL223W,3
YGL222C,3
YER026C,3
YER029C,3
YNL091W,3
YER176W,3
YMR222C,3
YNL097C-B,3
YNL219C,3
YNL115C,3
YMR232W,3
YER057C,3
YGL119W,3
YER058W,3
YNL123W,3
YMR212C,3
YMR206W,3
YMR198W,3
YGL070C,3
YGL067W,3
YNL268W,3
YER013W,3
YFL033C,3
YMR312W,3
YGL068W,3
YNL069C,3
YNL246W,3
YER015W,3
YGL237C,3
YGL084C,3
YNL072W,3
YER146W,3
YNL243W,3
YFL052W,3
YMR304W,3
YFL054C,3
YGL231C,3
YMR197C,3
YNL236W,3
YER172C,3
YGL126W,3
YMR192W,3
YER069W,3
YMR255W,3
YNL155W,3
YNL158W,3
YNL159C,3
YGL172W,3
YER116C,3
YNL164C,3
YMR261C,3
YER119C,3
YGL179C,3
YMR268C,3
YER148W,3
YNL169C,3
YNL188W,3
YMR263W,3
YGL181W,3
YNL178W,3
YMR265C,3
YER135C,3
YER139C,3
YNL187W,3
YMR269W,3
YER100W,3
YER099C,3
YMR280C,3
YGL127C,3
YGL210W,3
YER074W,3
YNL132W,3
YGL207W,3
YGL205W,3
YER163C,3
YGL136C,3
YNL137C,3
YFR030W,3
YMR253C,3
YGL149W,3
YGL153W,3
YGL154C,3
YNL138W-A,3
YER093C-A,3
YMR251W,3
YGL159W,3
YNL193W,3
YER150W,3
YER009W,3
YNL245C,3
YER145C-A,3
YGL048C,3
YEL063C,3
YMR164C,3
YFR034C,3
YGL010W,3
YEL023C,3
YGL047W,3
YNL322C,3
YEL016C,3
YGL008C,3
YGL049C,3
YFR032C-A,3
YNL045W,3
YFR055W,3
YFR014C,3
YMR182W-A,3
YEL032W,3
YFR044C,3
YGL017W,3
YGL018C,3
YEL059C-A,3
YER004W,3
YNL312W,3
YFR039C,3
YNL029C,3
YNL024C-A,3
YNL311C,3
YEL059W,3
YGL023C,3
YNL022C,3
YGL025C,3
YNL020C,3
YNL048W,3
YEL055C,3
YEL007W,3
YNL334C,3
YFL007W,3
YFL016C,3
YMR313C,3
YGL063W,3
YFL021W,3
YNL299W,3
YDR536W,3
YGL064C,3
YEL072W,3
YFL022C,3
YMR317W,3
YFR032C,3
YNL059C,3
YNR012W,3
YFL025C,3
YFL004W,3
YNL282W,3
YNL280C,3
YGL258W-A,3
YDR524W-C,3
YMR148W,3
YNR013C,3
YGL006W,3
YGL255W,3
YLL022C,2
YPL107W,2
YNL310C,2
YPL113C,2
YMR279C,2
YMR271C,2
YPL239W,2
YLL019C,2
YPL105C,2
YPL233W,2
YMR073C,2
YKR069W,2
YNL309W,2
YPL225W,2
YLL018C,2
YMR070W,2
YMR074C,2
YLL002W,2
YKR070W,2
YNL306W,2
YKR071C,2
YPL104W,2
YKR068C,2
YPL092W,2
YLL017W,2
YLL049W,2
YPL224C,2
YPL180W,2
YLL034C,2
YKR098C,2
YPL139C,2
YMR059W,2
YLL036C,2
YMR056C,2
YMR052W,2
YMR038C,2
YPL152W,2
YNL328C,2
YPL174C,2
YPL221W,2
YPL169C,2
YMR315W,2
YMR041C,2
YPL158C,2
YMR310C,2
YMR044W,2
YMR043W,2
YMR042W,2
YLL050C,2
YLL048C,2
YMR292W,2
YPL137C,2
YPL191C,2
YLL029W,2
YPL119C-A,2
YMR066W,2
YMR033W,2
YPL120W,2
YPL125W,2
YKR077W,2
YPL218W,2
YLL025W,2
YPL210C,2
YPL208W,2
YPL196W,2
YMR036C,2
YPL128C,2
YPL193W,2
YMR061W,2
YPL134C,2
YMR287C,2
YKR092C,2
YKR093W,2
YKR094C,2
YMR288W,2
YPL202C,2
YMR091C,2
YPL084W,2
YPR093C,2
YKL059C,2
YKL058W,2
YPR124W,2
YPR120C,2
YMR183C,2
YPR117W,2
YMR187C,2
YPR116W,2
YMR188C,2
YPR109W,2
YPR102C,2
YPR094W,2
YKL049C,2
YKL046C,2
YMR190C,2
YPR137W,2
YMR191W,2
YKL040C,2
YKL039W,2
YPR084W,2
YPR083W,2
YPR082C,2
YPR079W,2
YKL032C,2
YKL029C,2
YPR073C,2
YPR070W,2
YMR115W,2
YKL026C,2
YKL023C-A,2
YPR133W-A,2
YMR123W,2
YMR264W,2
YMR128W,2
YPR200C,2
YMR153W,2
YPR195C,2
YPR191W,2
YMR155W,2
YPR189W,2
YPR188C,2
YKL090W,2
YPR182W,2
YKL087C,2
YPR176C,2
YPR173C,2
YMR135C,2
YMR165C,2
YPR169W,2
YMR181C,2
YPR164W,2
YKL078W,2
YPR162C,2
YKL075C,2
YPR159W,2
YMR125W,2
YKL070W,2
YMR176W,2
YPR157W,2
YKL069W,2
YMR178W,2
YPR152C,2
YPR144C,2
YPR143W,2
YPR069C,2
YMR193W,2
YPR066W,2
YKR043C,2
YKR028W,2
YMR236W,2
YPL005W,2
YPL010W,2
YPL013C,2
YPL016W,2
YMR237W,2
YKR032W,2
YKR034W,2
YPL018W,2
YKR038C,2
YPL021W,2
YPL024W,2
YPL029W,2
YMR252C,2
YPR063C,2
YMR089C,2
YKR046C,2
YKR048C,2
YKR049C,2
YMR087W,2
YPL051W,2
YMR254C,2
YMR258C,2
YPL074W,2
YKR060W,2
YPL076W,2
YKR062W,2
YPL077C,2
YPL080C,2
YMR235C,2
YPR006C,2
YMR224C,2
YMR100W,2
YKL015W,2
YPR060C,2
YKL012W,2
YPR058W,2
YMR113W,2
YKL008C,2
YPR055W,2
YPR054W,2
YPR049C,2
YMR214W,2
YPR030W,2
YMR215W,2
YKR009C,2
YPR028W,2
YPR027C,2
YMR107W,2
YPR021C,2
YPR020W,2
YMR218C,2
YKR016W,2
YMR219W,2
YPR015C,2
YKR019C,2
YPR014C,2
YKR021W,2
YMR223W,2
YPR011C,2
YKR022C,2
YKR023W,2
YLL001W,2
YLR422W,2
YPL241C,2
YOL025W,2
YOL027C,2
YLR292C,2
YLR289W,2
YLR288C,2
YLR287C-A,2
YLR287C,2
YLR284C,2
YOL029C,2
YLR283W,2
YML098W,2
YLR281C,2
YLR277C,2
YOL024W,2
YOL023W,2
YML099C,2
YML100W,2
YOR072W,2
YLR308W,2
YOL070C,2
YOL069W,2
YNL063W,2
YNL064C,2
YOL067C,2
YLR310C,2
YOL056W,2
YOL032W,2
YNL065W,2
YOL053W,2
YNL068C,2
YML106W,2
YLR299W,2
YNL070W,2
YOL021C,2
YOL018C,2
YLR271W,2
YNL124W,2
YOR030W,2
YOR033C,2
YNL117W,2
YOR038C,2
YLR247C,2
YOR042W,2
YNL125C,2
YOL013C,2
YOR045W,2
YNL130C,2
YOR062C,2
YOR067C,2
YOR069W,2
YLR242C,2
YML076C,2
YOR025W,2
YNL113W,2
YNL108C,2
YOR020C,2
YNL103W,2
YOR017W,2
YNL097C,2
YNL079C,2
YOR008C,2
YOR003W,2
YLR262C-A,2
YOL001W,2
YLR263W,2
YLR264W,2
YOL002C,2
YOL011W,2
YOL072W,2
YNL061W,2
YOL073C,2
YNR076W,2
YLR387C,2
YNL006W,2
YNR054C,2
YNR068C,2
YNR075C-A,2
YLR380W,2
YLR447C,2
YOL135C,2
YOL144W,2
YLR377C,2
YNL015W,2
YLR361C-A,2
YOL141W,2
YNL024C,2
YLR441C,2
YNL005C,2
YNR046W,2
YNR044W,2
YNR043W,2
YLR397C,2
YLR398C,2
YNR041C,2
YNR037C,2
YNR035C,2
YLR403W,2
YNL003C,2
YLR406C-A,2
YNL001W,2
YNR006W,2
YNR030W,2
YLR415C,2
YLR453C,2
YLR359W,2
YLR323C,2
YOL083W,2
YOL097C,2
YNL055C,2
YML112W,2
YLR344W,2
YOL087C,2
YML111W,2
YNL056W,2
YLR358C,2
YOL082W,2
YNL058C,2
YOL080C,2
YOL078W,2
YOL077W-A,2
YLR324W,2
YLR345W,2
YNL050C,2
YLR347C,2
YOL107W,2
YNL044W,2
YLR348C,2
YOL108C,2
YNL042W-B,2
YNL040W,2
YLR353W,2
YNL035C,2
YNL033W,2
YOL120C,2
YOL122C,2
YNL032W,2
YML131W,2
YLR357W,2
YOR071C,2
YOR075W,2
YNL304W,2
YOR358W,2
YOR338W,2
YOR341W,2
YOR342C,2
YOR354C,2
YLR055C,2
YOR357C,2
YLR052W,2
YNL256W,2
YOR359W,2
YLR050C,2
YOR360C,2
YMR009W,2
YLR418C,2
YNL278W,2
YNL267W,2
YOR326W,2
YNL135C,2
YLR095C,2
YNL220W,2
YOR292C,2
YML015C,2
YML014W,2
YOR298W,2
YNL227C,2
YNL229C,2
YOR323C,2
YOR312C,2
YLR089C,2
YLR084C,2
YOR316C-A,2
YML001W,2
YOR322C,2
YOR370C,2
YNL287W,2
YLR039C,2
YLR008C,2
YMR016C,2
YPL259C,2
YLR016C,2
YLR010C,2
YMR017W,2
YMR021C,2
YPL248C,2
YLR038C,2
YNL293W,2
YMR026C,2
YLR005W,2
YLR004C,2
YPL246C,2
YLR001C,2
YLR018C,2
YLR019W,2
YPL271W,2
YPL272C,2
YLR022C,2
YLR024C,2
YPL274W,2
YLR026C,2
YNL290W,2
YLR034C,2
YNL289W,2
YLR037C,2
YOR388C,2
YOR386W,2
YOR384W,2
YOR381W,2
YNL288W,2
YLR108C,2
YOR283W,2
YOR281C,2
YOR144C,2
YOR122C,2
YLR208W,2
YLR207W,2
YLR206W,2
YLR204W,2
YOR137C,2
YML051W,2
YNL176C,2
YNL165W,2
YNL166C,2
YLR194C,2
YOR147W,2
YOR153W,2
YLR190W,2
YLR209C,2
YML054C,2
YOR117W,2
YLR212C,2
YML057W,2
YOR115C,2
YNL146W,2
YLR215C,2
YNL145W,2
YOR109W,2
YML059C,2
YOR092W,2
YLR222C,2
YOR089C,2
YNL138W,2
YOR078W,2
YNL136W,2
YLR188W,2
YLR187W,2
YNL218W,2
YLR134W,2
YOR224C,2
YLR141W,2
YLR139C,2
YNL207W,2
YML026C,2
YLR135W,2
YNL212W,2
YLR186W,2
YOR241W,2
YML020W,2
YOR243C,2
YML019W,2
YOR261C,2
YOR266W,2
YOR223W,2
YOR215C,2
YLR147C,2
YNL197C,2
YNL191W,2
YML032C,2
YOR194C,2
YOR192C,2
YLR166C,2
YOR190W,2
YLR168C,2
YLR170C,2
YNL189W,2
YML035C,2
YML036W,2
YML037C,2
YNL180C,2
YLR049C,2
YJL069C,2
YDL155W,2
YDR277C,2
YHR207C,2
YCL050C,2
YHR200W,2
YHR199C,2
YDR152W,2
YCL039W,2
YGR133W,2
YCL027W,2
YCL026C-B,2
YHR189W,2
YFL056C,2
YDR301W,2
YDR300C,2
YCL011C,2
YHR176W,2
YHR175W-A,2
YDR156W,2
YER187W,2
YGL124C,2
YDR148C,2
YGR124W,2
YDL012C,2
YBR282W,2
YIL155C,2
YGR123C,2
YIL156W-B,2
YIL157C,2
YER173W,2
YER179W,2
YHR210C,2
YBR292C,2
YBR293W,2
YDR317W,2
YBR296C,2
YER181C,2
YER182W,2
YDR316W,2
YCL005W,2
YFL044C,2
YFL042C,2
YHR113W,2
YHR132W-A,2
YCR032W,2
YCR033W,2
YCR034W,2
YHR121W,2
YGL137W,2
YFL027C,2
YFL026W,2
YFL034W,2
YCR043C,2
YCR044C,2
YCR052W,2
YCR057C,2
YCR066W,2
YDR282C,2
YDR281C,2
YDR287W,2
YHR134W,2
YDR297W,2
YGR143W,2
YFL039C,2
YCL001W-B,2
YHR166C,2
YDL033C,2
YCR009C,2
YHR163W,2
YCR011C,2
YDR291W,2
YCR028C-A,2
YCR018C,2
YCR019W,2
YDR289C,2
YCR024C,2
YHR154W,2
YHR147C,2
YDR157W,2
YBR275C,2
YBR272C,2
YBR270C,2
YBR205W,2
YIL010W,2
YER120W,2
YER123W,2
YER127W,2
YIL018W,2
YBR202W,2
YER128W,2
YGR099W,2
YIL008W,2
YIL021W,2
YIL026C,2
YER132C,2
YIL029C,2
YBR214W,2
YIL036W,2
YDR341C,2
YDR135C,2
YIL005W,2
YIL042C,2
YER110C,2
YDR131C,2
YBR179C,2
YIR012W,2
YIR011C,2
YDR358W,2
YDR002W,2
YGR087C,2
YGL186C,2
YGR096W,2
YDR001C,2
YER113C,2
YIR003W,2
YGR094W,2
YDR132C,2
YIL002C,2
YDR350C,2
YGR100W,2
YIL043C,2
YDL010W,2
YER161C,2
YIL093C,2
YGR108W,2
YER158C,2
YIL115C,2
YIL116W,2
YIL121W,2
YDR324C,2
YGR109C,2
YDL008W,2
YGR112W,2
YIL138C,2
YBR262C,2
YGL116W,2
YDR144C,2
YBR268W,2
YIL144W,2
YDR331W,2
YIL088C,2
YER134C,2
YBR229C,2
YBR221W-A,2
YIL055C,2
YIL056W,2
YBR222C,2
YBR227C,2
YIL064W,2
YBR228W,2
YBR234C,2
YIL087C,2
YGR105W,2
YER147C,2
YBR250W,2
YGR106C,2
YIL079C,2
YIL083C,2
YER152C,2
YDR163W,2
YFL011W,2
YBR176W,2
YHR107C,2
YDL156W,2
YDR207C,2
YHL026C,2
YHL027W,2
YHL028W,2
YGL170C,2
YDL150W,2
YDR201W,2
YHL035C,2
YDL147W,2
YDR200C,2
YHL043W,2
YGR194C,2
YDL139C,2
YDL137W,2
YDL136W,2
YDL059C,2
YHL025W,2
YHL024W,2
YGL238W,2
YDL176W,2
YDL047W,2
YDL191W,2
YGR187C,2
YHR001W,2
YGL246C,2
YDL180W,2
YGL245W,2
YHL007C,2
YDL157C,2
YDR218C,2
YHL012W,2
YDL166C,2
YDL160C-A,2
YDL160C,2
YHL021C,2
YDL049C,2
YDL135C,2
YGR284C,2
YGL225W,2
YGR230W,2
YGR203W,2
YGR238C,2
YGR237C,2
YGR235C,2
YGR234W,2
YDL086W,2
YGL201C,2
YGL197W,2
YDL091C,2
YGR227C-A,2
YDL085W,2
YGR225W,2
YGL194C,2
YDL063C,2
YDR177W,2
YDR178W,2
YGL204C,2
YGR241C,2
YDL115C,2
YGL215W,2
YGR279C,2
YDR198C,2
YGL221C,2
YGR200C,2
YGR271W,2
YGR263C,2
YDR192C,2
YDR191W,2
YGR244C,2
YGL213C,2
YGL212W,2
YDR183W,2
YGR252W,2
YGR250C,2
YGL206C,2
YGR245C,2
YHR013C,2
YGL248W,2
YDR223W,2
YDR255C,2
YHR076W,2
YHR075C,2
YGL150C,2
YDR164C,2
YFR024C-A,2
YHR072W-A,2
YHR072W,2
YHR066W,2
YFR010W,2
YDR253C,2
YHR064C,2
YGL151W,2
YHR063C,2
YHR062C,2
YHR061C,2
YFR028C,2
YDR260C,2
YFR009W,2
YFR033C,2
YHR090C,2
YFL010C,2
YDR273W,2
YCR082W,2
YGR158C,2
YCR085W,2
YHR093W,2
YHR092C,2
YHR088W,2
YHR081W,2
YHR086W-A,2
YDR266C,2
YDR264C,2
YDL037C,2
YDR261C,2
YGR162W,2
YCR091W,2
YDR248C,2
YFR041C,2
YGR186W,2
YDL211C,2
YGL161C,2
YDR231C,2
YDR229W,2
YHR028C,2
YDL217C,2
YHR027C,2
YHR025W,2
YGR185C,2
YGL160W,2
YDR227W,2
YDL206W,2
YGL250W,2
YGL164C,2
YDL201W,2
YHR022C,2
YDL199C,2
YDR234W,2
YDL233W,2
YFR042W,2
YDL240W,2
YDR167W,2
YFR045W,2
YFR046C,2
YGR180C,2
YHR049W,2
YHR048W,2
YHR046C,2
YHR045W,2
YDL234C,2
YGR184C,2
YDR243C,2
YDR240C,2
YHR039C,2
YHR036W,2
YDL239C,2
YFR052W,2
YER101C,2
YBR184W,2
YBR175W,2
YBL078C,2
YBL071W-A,2
YJR096W,2
YBL071C,2
YJR094C,2
YGL005C,2
YDR073W,2
YJR085C,2
YJR084W,2
YJR083C,2
YEL036C,2
YBL069W,2
YJR076C,2
YBL067C,2
YJR073C,2
YBL066C,2
YGL002W,2
YEL030W,2
YGL077C,2
YJR105W,2
YJR147W,2
YJR106W,2
YDR471W,2
YBL091C,2
YJR143C,2
YBL090W,2
YGL019W,2
YEL053C,2
YEL052W,2
YEL051W,2
YGL012W,2
YGL065C,2
YJR125C,2
YGL009C,2
YJR120W,2
YDR080W,2
YBL085W,2
YDR079C-A,2
YGL075C,2
YBL058W,2
YJR069C,2
YDR072C,2
YBL054W,2
YBL020W,2
YGR012W,2
YEL015W,2
YGR013W,2
YBL017C,2
YJR005C-A,2
YEL011W,2
YEL009C-A,2
YEL006W,2
YEL003W,2
YEL002C,2
YBL008W,2
YJL012C,2
YIR016W,2
YER002W,2
YER003C,2
YJL024C,2
YEL018W,2
YBL024W,2
YDR063W,2
YDR458C,2
YJR066W,2
YJR060W,2
YEL028W,2
YGL082W,2
YDR067C,2
YJR057W,2
YJR054W,2
YBL039C,2
YDR110W,2
YDR457W,2
YGL083W,2
YEL020W-A,2
YJR025C,2
YJR024C,2
YEL019C,2
YBL029W,2
YGL061C,2
YJR149W,2
YGR016W,2
YAL044C,2
YAL042W,2
YAL039C,2
YAL037W,2
YKL154W,2
YKL155C,2
YAL036C,2
YAL034W-A,2
YKL162C,2
YDR520C,2
YKL164C,2
YKL168C,2
YKL172W,2
YKL173W,2
YDR092W,2
YDR522C,2
YKL176C,2
YKL180W,2
YKL144C,2
YDR494W,2
YEL060C,2
YAL047C,2
YKL106C-A,2
YAL060W,2
YKL107W,2
YDR097C,2
YAL056W,2
YKL112W,2
YGL041W-A,2
YDR514C,2
YKL119C,2
YDR093W,2
YKL127W,2
YKL128C,2
YKL135C,2
YAL053W,2
YKL138C,2
YKL138C-A,2
YAL048C,2
YAL031C,2
YGL056C,2
YAL024C,2
YDR530C,2
YDR107C,2
YGL029W,2
YAR035C-A,2
YAR042W,2
YAR050W,2
YKL217W,2
YKL218C,2
YGL059W,2
YBL107C,2
YGL020C,2
YJR161C,2
YEL067C,2
YEL064C,2
YBL098W,2
YDR108W,2
YJR151W-A,2
YBL095W,2
YDR085C,2
YKL213C,2
YDR086C,2
YAL008W,2
YAL017W,2
YAL010C,2
YKL189W,2
YAL009W,2
YDR091C,2
YKL192C,2
YKL193C,2
YKL198C,2
YAR007C,2
YDR533C,2
YAL007C,2
YDR104C,2
YDR492W,2
YDR541C,2
YGL034C,2
YKL210W,2
YER006W,2
YBL006C,2
YBR004C,2
YJL136W-A,2
YER056C,2
YDR392W,2
YGR062C,2
YJL184W,2
YJL185C,2
YER060W,2
YER064C,2
YER066W,2
YJL189W,2
YJL192C,2
YGR063C,2
YGL098W,2
YJL193W,2
YBR142W,2
YBR146W,2
YDR379W,2
YJL197W,2
YER054C,2
YBR131W,2
YBR130C,2
YBR115C,2
YJL138C,2
YJL146W,2
YBR105C,2
YDR023W,2
YJL151C,2
YBR107C,2
YGR018C,2
YER044C,2
YJL180C,2
YDR119W,2
YER047C,2
YBR127C,2
YDR400W,2
YJL177W,2
YER053C,2
YJL179W,2
YDR121W,2
YBR148W,2
YDR014W-A,2
YIR022W,2
YGL107C,2
YDR370C,2
YBR164C,2
YDR011W,2
YBR167C,2
YBR170C,2
YIR023W,2
YBR171W,2
YIR031C,2
YIR021W,2
YIR018C-A,2
YER095W,2
YGR078C,2
YBR172C,2
YBR173C,2
YDR127W,2
YGL105W,2
YIR032C,2
YJL203W,2
YDR376W,2
YJL204C,2
YER078C,2
YBR152W,2
YER078W-A,2
YJL209W,2
YBR154C,2
YBR155W,2
YBR157C,2
YDR372C,2
YIR043C,2
YGR072W,2
YIR039C,2
YDR012W,2
YIR038C,2
YGR075C,2
YIR034C,2
YBR104W,2
YBR108W,2
YDL065C,2
YDR051C,2
YBR059C,2
YER034W,2
YER041W,2
YDR450W,2
YJL090C,2
YBR062C,2
YJL049W,2
YBR055C,2
YDR424C,2
YDR058C,2
YJL097W,2
YJL042W,2
YJL098W,2
YJL041W,2
YDR446W,2
YBR046C,2
YDR045C,2
YJL073W,2
YBR034C,2
YER024W,2
YJL062W-A,2
YBR035C,2
YGL087C,2
YJL058C,2
YBR026C,2
YBR045C,2
YDR057W,2
YDR443C,2
YJL078C,2
YER028C,2
YDR428C,2
YER033C,2
YBR029C,2
YBR013C,2
YGR031C-A,2
YER038C,2
YBR005W,2
YBR096W,2
YJL136C,2
YDR408C,2
YDR409W,2
YJL133C-A,2
YJL133W,2
YJL132W,2
YER012W,2
YJL131C,2
YJL130C,2
YER040W,2
YGL093W,2
YJL105W,2
YER038W-A,2
YGR045C,2
YDR031W,2
YDR044W,2
YJL033W,2
YJL110C,2
YJL115W,2
YDR114C,2
YBR078W,2
YJL123C,2
YGL086W,2
YDR061W,2
YER037W,2
YOR072W-B,1
YOR073W,1
YOR111W,1
YDR175C,1
YDR162C,1
YDR176W,1
YDR160W,1
YDR145W,1
YOR129C,1
YOR103C,1
YDR146C,1
YDR116C,1
YOR118W,1
YDR120C,1
YDR115W,1
YDR172W,1
YOR076C,1
YDR153C,1
YOR093C,1
YOR104W,1
YOR090C,1
YOR079C,1
YOR105W,1
YDR109C,1
YDR173C,1
YOR081C,1
YOR084W,1
YDR139C,1
YDR124W,1
YOR126C,1
YDR140W,1
YOL045W,1
YDR179C,1
YDR422C,1
YDR410C,1
YOL118C,1
YDR411C,1
YOL121C,1
YDR418W,1
YOL123W,1
YDR419W,1
YOL130W,1
YDR361C,1
YDR434W,1
YDR436W,1
YDR438W,1
YDR439W,1
YDR453C,1
YDR456W,1
YOL146W,1
YOL113W,1
YDR407C,1
YDR406W,1
YDR405W,1
YDR363W,1
YDR366C,1
YDR369C,1
YDR371W,1
YOL086W-A,1
YOL088C,1
YOL089C,1
YDR374W-A,1
YOL095C,1
YDR377W,1
YDR378C,1
YOL102C,1
YDR383C,1
YOL104C,1
YDR398W,1
YOL147C,1
YOL148C,1
YOL149W,1
YDR470C,1
YNR049C,1
YDR483W,1
YDR485C,1
YNR045W,1
YDR486C,1
YDR488C,1
YDR489W,1
YDR490C,1
YNR036C,1
YDR493W,1
YNR034W-A,1
YNR034W,1
YDR497C,1
YDR498C,1
YNR031C,1
YDR473C,1
YNR056C,1
YOL151W,1
YNR057C,1
YOL152W,1
YOL153C,1
YOL154W,1
YOL159C-A,1
YOL161C,1
YDR462W,1
YDR463W,1
YDR465C,1
YNR069C,1
YDR468C,1
YNR066C,1
YNR064C,1
YNR061C,1
YNR060W,1
YNR058W,1
YOL081W,1
YDR357C,1
YDR179W-A,1
YOR010C,1
YDR237W,1
YOR020W-A,1
YDR245W,1
YOR018W,1
YDR249C,1
YOR015W,1
YDR254W,1
YOR008C-A,1
YDR354W,1
YDR259C,1
YOR006C,1
YDR262W,1
YDR267C,1
YOL007C,1
YOL015W,1
YDR286C,1
YDR232W,1
YDR228C,1
YOR032W-A,1
YDR226W,1
YOR065W,1
YOR064C,1
YDR180W,1
YDR181C,1
YDR182W,1
YDR195W,1
YOR051C,1
YOR048C,1
YOR047C,1
YDR206W,1
YDR216W,1
YOR039W,1
YDR217C,1
YDR219C,1
YOR034C-A,1
YOL019W,1
YDR288W,1
YOL022C,1
YDR323C,1
YOL057W,1
YDR332W,1
YDR333C,1
YOL060C,1
YDR334W,1
YDR335W,1
YDR338C,1
YDR339C,1
YOL068C,1
YDR347W,1
YDR348C,1
YDR349C,1
YDR353W,1
YOL075C,1
YOL076W,1
YDR326C,1
YDR321W,1
YDR292C,1
YDR320C-A,1
YDR295C,1
YDR299W,1
YDR303C,1
YOL030W,1
YDR306C,1
YDR307W,1
YOL036W,1
YOL038W,1
YDR318W,1
YOL042W,1
YOL043C,1
YOL044W,1
YDR100W,1
YDR319C,1
YOL049W,1
YOR134W,1
YKL101W,1
YDR099W,1
YPL009C,1
YBR147W,1
YPL052W,1
YBR150C,1
YPL058C,1
YBR153W,1
YPL064C,1
YBR156C,1
YPL068C,1
YPL069C,1
YPL071C,1
YBR158W,1
YBR160W,1
YBR162W-A,1
YBR163W,1
YBR165W,1
YPL085W,1
YPL086C,1
YPL089C,1
YPL093W,1
YBR177C,1
YBR181C,1
YBR141C,1
YBR139W,1
YPL046C,1
YBR125C,1
YBR084W,1
YBR087W,1
YBR088C,1
YBR091C,1
YBR095C,1
YBR102C,1
YBR106W,1
YPL026C,1
YBR122C,1
YPL030W,1
YPL045W,1
YPL031C,1
YPL033C,1
YPL034W,1
YBR128C,1
YPL039W,1
YPL040C,1
YBR135W,1
YBR136W,1
YBR137W,1
YBR182C,1
YBR182C-A,1
YBR183W,1
YPL159C,1
YPL148C,1
YPL149W,1
YBR252W,1
YBR256C,1
YBR257W,1
YPL152W-A,1
YBR260C,1
YBR261C,1
YPL157W,1
YBR267W,1
YBR248C,1
YPL162C,1
YBR281C,1
YBR283C,1
YBR284W,1
YBR288C,1
YPL172C,1
YBR289W,1
YBR291C,1
YBR295W,1
YBR251W,1
YBR246W,1
YPL100W,1
YPL116W,1
YBR185C,1
YBR188C,1
YBR193C,1
YBR194W,1
YPL108W,1
YPL109C,1
YBR196C-B,1
YBR198C,1
YBR199W,1
YBR204C,1
YBR243C,1
YBR207W,1
YBR210W,1
YBR213W,1
YBR215W,1
YBR216C,1
YBR217W,1
YPL129W,1
YPL132W,1
YPL138C,1
YBR082C,1
YPL008W,1
YCL057C-A,1
YPL006W,1
YBL097W,1
YBL092W,1
YPR135W,1
YBL091C-A,1
YPR131C,1
YPR129W,1
YPR128C,1
YBL089W,1
YBL087C,1
YBL086C,1
YPR122W,1
YPR121W,1
YPR119W,1
YBL081W,1
YBL072C,1
YPR108W,1
YPR106W,1
YPR105C,1
YPR095C,1
YBL061C,1
YPR089W,1
YBL099W,1
YBL103C,1
YBL104C,1
YAL018C,1
YPR199C,1
YPR196W,1
YAL055W,1
YPR193C,1
YAL046C,1
YAL034C,1
YPR178W,1
YAL032C,1
YAL026C,1
YPR167C,1
YPR148C,1
YPR165W,1
YPR163C,1
YAR002W,1
YPR160W,1
YPR159C-A,1
YAR008W,1
YAR019C,1
YAR033W,1
YPR153W,1
YPR088C,1
YBL052C,1
YBL048W,1
YBR040W,1
YBR015C,1
YBR018C,1
YBR020W,1
YBR022W,1
YBR023C,1
YBR032W,1
YPR023C,1
YBR037C,1
YPR019W,1
YBR041W,1
YPR037C,1
YPR016C,1
YBR061C,1
YBR065C,1
YBR067C,1
YPR001W,1
YBR069C,1
YBR070C,1
YBR073W,1
YBR081C,1
YBR007C,1
YPR041W,1
YBL047C,1
YBL019W,1
YBL040C,1
YBL037W,1
YBL036C,1
YPR078C,1
YPR075C,1
YBL031W,1
YPR071W,1
YBL028C,1
YBL021C,1
YPR064W,1
YBR003W,1
YBL018C,1
YBL016W,1
YPR057W,1
YBL011W,1
YBL009W,1
YBL008W-A,1
YBR002C,1
YPR046W,1
YPR045C,1
YPL181W,1
YCL052C,1
YOR142W,1
YOR311C,1
YDL060W,1
YDL057W,1
YDL054C,1
YOR270C,1
YOR268C,1
YDL045W-A,1
YOR265W,1
YOR264W,1
YDL045C,1
YDL043C,1
YOR260W,1
YDL042C,1
YOR257W,1
YOR256C,1
YDL040C,1
YDL035C,1
YOR252W,1
YOR251C,1
YOR250C,1
YOR245C,1
YOR244W,1
YDL061C,1
YOR278W,1
YOR280C,1
YDL089W,1
YOR307C,1
YOR306C,1
YDL111C,1
YDL109C,1
YDL100C,1
YDL099W,1
YDL093W,1
YOR299W,1
YDL090C,1
YOR296W,1
YDL064W,1
YOR295W,1
YDL083C,1
YDL080C,1
YDL079C,1
YDL077C,1
YDL073W,1
YDL069C,1
YOR288C,1
YOR284W,1
YDL031W,1
YDL019C,1
YDL015C,1
YOR166C,1
YDR021W,1
YOR188W,1
YDR033W,1
YDR037W,1
YDR054C,1
YOR178C,1
YDR056C,1
YOR168W,1
YDR066C,1
YDR068W,1
YDR018C,1
YOR162C,1
YDR076W,1
YOR158W,1
YOR155C,1
YDR082W,1
YDR083W,1
YDR084C,1
YOR150W,1
YDR087C,1
YDR019C,1
YOR195W,1
YOR238W,1
YDL003W,1
YOR237W,1
YDL014W,1
YDL013W,1
YOR234C,1
YOR227W,1
YDL009C,1
YDL005C,1
YDL004W,1
YOR221C,1
YOR217W,1
YOR196C,1
YOR216C,1
YDL002C,1
YOR211C,1
YDR006C,1
YDR007W,1
YOR205C,1
YOR204W,1
YDR013W,1
YOR197W,1
YDL112W,1
YDL113C,1
YPL184C,1
YDL132W,1
YCR042C,1
YPL234C,1
YPL235W,1
YPL242C,1
YCR067C,1
YPL244C,1
YCR071C,1
YCR072C,1
YCR077C,1
YCR079W,1
YCR083W,1
YPL252C,1
YPL253C,1
YPL256C,1
YPL258C,1
YCR089W,1
YPL261C,1
YCR093W,1
YPL263C,1
YPL264C,1
YCR094W,1
YCR036W,1
YPL228W,1
YPL226W,1
YCL008C,1
YCL051W,1
YPL187W,1
YCL042W,1
YCL033C,1
YPL192C,1
YCL031C,1
YCL024W,1
YPL199C,1
YCL012C,1
YPL204W,1
YCR026C,1
YCL001W,1
YCL001W-A,1
YPL209C,1
YCR001W,1
YPL215W,1
YCR015C,1
YCR017C,1
YCR023C,1
YCR025C,1
YPL267W,1
YPL269W,1
YCR095C,1
YOR339C,1
YDL202W,1
YOR355W,1
YDL194W,1
YDL193W,1
YOR350C,1
YDL189W,1
YDL185W,1
YDL178W,1
YDL171C,1
YDL165W,1
YOR361C,1
YDL159W,1
YOR332W,1
YNR029C,1
YDL154W,1
YDL149W,1
YDL146W,1
YOR321W,1
YDL138W,1
YOR316C,1
YDL205C,1
YDL210W,1
YCR095W-A,1
YOR389W,1
YCR098C,1
YPL273W,1
YCR101C,1
YPL275W,1
YCR107W,1
YDL247W,1
YPL281C,1
YOR391C,1
YOR390W,1
YDL243C,1
YDL224C,1
YDL242W,1
YOR383C,1
YOR382W,1
YOR381W-A,1
YDL235C,1
YDL231C,1
YDL230W,1
YDL226C,1
YDL225W,1
YDR502C,1
YER167W,1
YDR504C,1
YHR170W,1
YIL159W,1
YLR273C,1
YIL156W,1
YLR268W,1
YLR266C,1
YLR265C,1
YLR264C-A,1
YIL150C,1
YIL149C,1
YIL146C,1
YIL143C,1
YIL142W,1
YIL139C,1
YLR257W,1
YIL137C,1
YLR254C,1
YIL134W,1
YIL122W,1
YIL113W,1
YIL102C-A,1
YIL091C,1
YIL089W,1
YIL086C,1
YIL162W,1
YLR278C,1
YIL163C,1
YLR301W,1
YLR319C,1
YLR318W,1
YHR180W,1
YHR186C,1
YLR309C,1
YHR188C,1
YLR307W,1
YHR191C,1
YHR192W,1
YLR302C,1
YHR194W,1
YIL165C,1
YHR198C,1
YHR205W,1
YHR208W,1
YLR291C,1
YLR290C,1
YHR211W,1
YHR213W-A,1
YHR213W-B,1
YHR214C-E,1
YIL169C,1
YLR231C,1
YLR229C,1
YIL076W,1
YLR151C,1
YIL001W,1
YIR001C,1
YIR005W,1
YIR006C,1
YIR007W,1
YLR165C,1
YIR008C,1
YLR163C,1
YIR009W,1
YLR154C,1
YIR013C,1
YIL003W,1
YLR149C,1
YIR014W,1
YIR015W,1
YIR017C,1
YLR145W,1
YLR144C,1
YIR018W,1
YLR142W,1
YIR021W-A,1
YIR024C,1
YIL002W-A,1
YIL009C-A,1
YLR227C,1
YIL048W,1
YIL074C,1
YIL071C,1
YIL070C,1
YLR221C,1
YIL068C,1
YIL067C,1
YIL063C,1
YIL062C,1
YIL054W,1
YIL051C,1
YIL041W,1
YIL013C,1
YIL037C,1
YIL034C,1
YLR197W,1
YIL024C,1
YLR192C,1
YIL020C,1
YIL019W,1
YLR189C,1
YIL016W,1
YIL014W,1
YHR172W,1
YHR169W,1
YLR133W,1
YHR168W,1
YHR030C,1
YLR454W,1
YHR032W,1
YHR034C,1
YHR035W,1
YLR449W,1
YLR446W,1
YLR443W,1
YLR442C,1
YLR440C,1
YLR437C,1
YHR050W,1
YHR051W,1
YLR431C,1
YLR429W,1
YLR427W,1
YLR426W,1
YLR425W,1
YHR056C,1
YHR060W,1
YLR419W,1
YHR065C,1
YHR068W,1
YLR457C,1
YLR460C,1
YHR029C,1
YHR011W,1
YML095C,1
YHL015W-A,1
YHL014C,1
YHL010C,1
YML100W-A,1
YML102W,1
YHL006C,1
YHL002W,1
YHR003C,1
YML109W,1
YML114C,1
YML129C,1
YML115C,1
YHR016C,1
YML117W,1
YHR023W,1
YML121W,1
YML122C,1
YML123C,1
YML124C,1
YML125C,1
YML126C,1
YHR071W,1
YHR074W,1
YLR410W,1
YHR146W,1
YLR360W,1
YHR119W,1
YHR120W,1
YHR122W,1
YHR130C,1
YHR131C,1
YLR352W,1
YLR351C,1
YHR136C,1
YHR142W,1
YLR342W-A,1
YLR362W,1
YLR342W,1
YHR156C,1
YHR158C,1
YLR336C,1
YHR160C,1
YLR333C,1
YLR332W,1
YLR329W,1
YHR165C,1
YLR326W,1
YHR110W,1
YLR363C,1
YLR408C,1
YLR384C,1
YLR406C,1
YLR404W,1
YHR077C,1
YHR079C-A,1
YHR082C,1
YLR395C,1
YLR394W,1
YHR083W,1
YHR084W,1
YHR086W,1
YLR383W,1
YLR364W,1
YHR097C,1
YHR098C,1
YHR099W,1
YLR376C,1
YHR108W,1
YLR372W,1
YHR109W,1
YLR369W,1
YLR368W,1
YLR365W,1
YIR025W,1
YIR026C,1
YML093W,1
YJR004C,1
YJR075W,1
YKR045C,1
YJR078W,1
YJR088C,1
YJR093C,1
YJR095W,1
YJR098C,1
YKR030W,1
YKR029C,1
YJR110W,1
YKR025W,1
YJR115W,1
YJR117W,1
YKR020W,1
YKR018C,1
YJR127C,1
YJR129C,1
YJR133W,1
YJR138W,1
YJR139C,1
YJR142W,1
YJR144W,1
YJR145C,1
YJR072C,1
YKR051W,1
YJR070C,1
YKR073C,1
YJR006W,1
YJR007W,1
YKR086W,1
YKR085C,1
YKR084C,1
YJR013W,1
YKR082W,1
YJR014W,1
YKR076W,1
YJR017C,1
YJR035W,1
YKR054C,1
YJR039W,1
YJR042W,1
YJR047C,1
YJR053W,1
YKR064W,1
YJR058C,1
YKR061W,1
YJR067C,1
YJR068W,1
YKR056W,1
YKL001C,1
YKL004W,1
YJR150C,1
YKL149C,1
YKL184W,1
YKL183W,1
YKL182W,1
YKL174C,1
YKL055C,1
YKL061W,1
YKL159C,1
YKL157W,1
YKL068W,1
YKL151C,1
YKL071W,1
YKL185W,1
YKL072W,1
YKL073W,1
YKL074C,1
YKL137W,1
YKL121W,1
YKL116C,1
YKL114C,1
YKL109W,1
YKL108W,1
YKL095W,1
YKL047W,1
YKL187C,1
YKL006C-A,1
YKL214C,1
YKL007W,1
YJR152W,1
YKL009W,1
YKL222C,1
YKL219W,1
YKL014C,1
YKL017C,1
YKL018W,1
YKL018C-A,1
YKL215C,1
YKL021C,1
YKL190W,1
YKL211C,1
YKL025C,1
YKL209C,1
YKL028W,1
YKL204W,1
YKL203C,1
YKL201C,1
YKL034W,1
YKL196C,1
YKL191W,1
YKR090W,1
YJR001W,1
YLR126C,1
YJL002C,1
YLR068W,1
YLR067C,1
YLR066W,1
YLR065C,1
YJL183W,1
YJL181W,1
YLR059C,1
YLR057W,1
YJL168C,1
YJL165C,1
YJL162C,1
YLR051C,1
YJL160C,1
YJL156C,1
YJL154C,1
YLR047C,1
YLR045C,1
YJL148W,1
YJL147C,1
YLR036C,1
YLR032W,1
YLR031W,1
YLR028C,1
YLR070C,1
YLR073C,1
YJL186W,1
YJL216C,1
YIR030C,1
YLR120C,1
YLR116W,1
YIR035C,1
YLR112W,1
YIR042C,1
YJL218W,1
YLR106C,1
YLR103C,1
YJL217W,1
YLR098C,1
YLR077W,1
YJL208C,1
YJL206C,1
YLR093C,1
YJL199C,1
YJL198W,1
YLR088W,1
YLR087C,1
YJL194W,1
YLR082C,1
YLR081W,1
YJL134W,1
YJL128C,1
YJL127C-B,1
YJL030W,1
YLL032C,1
YJL059W,1
YJL057C,1
YJL054W,1
YLL041C,1
YLL042C,1
YJL050W,1
YJL046W,1
YJL039C,1
YJL031C,1
YLL058W,1
YJL062W,1
YLL060C,1
YLL063C,1
YLL064C,1
YKR102W,1
YKR100C,1
YJL023C,1
YJL014W,1
YJL005W,1
YKR095W-A,1
YJL004C,1
YLL030C,1
YJL068C,1
YLR017W,1
YLL006W,1
YJL125C,1
YLR015W,1
YLR014C,1
YLR011W,1
YJL124C,1
YJL121C,1
YLR007W,1
YJL108C,1
YJL103C,1
YJL102W,1
YLL007C,1
YAL064W,1
YLL008W,1
YLL013C,1
YLL014W,1
YJL088W,1
YJL087C,1
YJL084C,1
YJL083W,1
YJL081C,1
YJL080C,1
YJL077W-B,1
YML094W,1
YHL022C,1
YDR507C,1
YER130C,1
YFL062W,1
YNL233W,1
YFL059W,1
YFL055W,1
YFL051C,1
YFL046W,1
YFL040W,1
YFL038C,1
YFL037W,1
YNL249C,1
YFL034C-B,1
YNL252C,1
YNL253W,1
YFL034C-A,1
YNL259C,1
YFL028C,1
YNL265C,1
YFL024C,1
YFL017W-A,1
YNL271C,1
YNL275W,1
YFL003C,1
YNL279W,1
YNL231C,1
YER186C,1
YNL225C,1
YER159C,1
YER133W,1
YNL182C,1
YNL183C,1
YNL185C,1
YER142C,1
YER144C,1
YER149C,1
YER155C,1
YNL192W,1
YER157W,1
YER162C,1
YNL224C,1
YNL202W,1
YNL206C,1
YER164W,1
YNL209W,1
YKL102C,1
YNL214W,1
YNL215W,1
YER170W,1
YER174C,1
YNL221C,1
YFR001W,1
YFR002W,1
YFR003C,1
YGL230C,1
YMR316C-A,1
YMR315W-A,1
YGL243W,1
YGL242C,1
YGL241W,1
YGL240W,1
YMR306W,1
YMR305C,1
YGL233W,1
YGL232W,1
YMR301C,1
YMR320W,1
YGL229C,1
YGL223C,1
YGL220W,1
YGL219C,1
YMR289W,1
YGL211W,1
YGL203C,1
YMR282C,1
YGL193C,1
YMR277W,1
YMR319C,1
YMR325W,1
YFR004W,1
YFR031C-A,1
YFR008W,1
YNL292W,1
YFR012W,1
YFR018C,1
YFR022W,1
YFR025C,1
YNL300W,1
YNL301C,1
YFR026C,1
YFR031C,1
YFR043C,1
YGL253W,1
YFR047C,1
YNL316C,1
YNL318C,1
YFR050C,1
YNL323W,1
YNL326C,1
YGL257C,1
YNL329C,1
YNL330C,1
YNL333W,1
YNL177C,1
YNL172W,1
YGL192W,1
YER118C,1
YNL027W,1
YEL040W,1
YEL038W,1
YEL033W,1
YNL034W,1
YEL029C,1
YEL025C,1
YNL038W,1
YEL021W,1
YNL041C,1
YNL042W,1
YEL020C,1
YNL046W,1
YNL047C,1
YEL017W,1
YNL051W,1
YER010C,1
YNL066W,1
YNL067W-B,1
YER014W,1
YER014C-A,1
YER017C,1
YER018C,1
YNL026W,1
YEL041W,1
YEL042W,1
YEL070W,1
YDR512C,1
YNR022C,1
YDR518W,1
YNR019W,1
YNR017W,1
YDR529C,1
YDR532C,1
YDR534C,1
YDR539W,1
YEL073C,1
YNR003C,1
YNL023C,1
YNR002C,1
YNR001C,1
YEL069C,1
YNL002C,1
YEL062W,1
YNL008C,1
YEL058W,1
YNL011C,1
YEL050C,1
YEL047C,1
YER019W,1
YNL073W,1
YNL076W,1
YNL146C-A,1
YER082C,1
YER083C,1
YER086W,1
YER089C,1
YNL139C,1
YNL141W,1
YER090W,1
YER092W,1
YNL144C,1
YER093C,1
YNL147W,1
YER074W-A,1
YNL152W,1
YNL153C,1
YER102W,1
YER104W,1
YNL156C,1
YER112W,1
YER114C,1
YNL161W,1
YNL162W,1
YNL162W-A,1
YER076C,1
YER073W,1
YER027C,1
YER039C-A,1
YER031C,1
YNL084C,1
YNL085W,1
YNL086W,1
YNL087W,1
YNL088W,1
YNL090W,1
YNL092W,1
YNL094W,1
YNL095C,1
YNL100W,1
YNL127W,1
YNL101W,1
YER043C,1
YER044C-A,1
YER046W,1
YER049W,1
YER051W,1
YNL116W,1
YNL119W,1
YER056C-A,1
YNL126W,1
YMR272C,1
YMR270C,1
YHL023C,1
YGR076C,1
YMR053C,1
YGR140W,1
YGR145W,1
YGR146C,1
YGR147C,1
YGR150C,1
YGR156W,1
YMR037C,1
YGR164W,1
YGR166W,1
YGR170W,1
YMR032W,1
YMR031C,1
YMR030W,1
YGR172C,1
YMR025W,1
YMR024W,1
YMR022W,1
YMR019W,1
YGR188C,1
YGR191W,1
YGR193C,1
YMR013C,1
YMR054W,1
YGR135W,1
YMR058W,1
YGR103W,1
YGR077C,1
YGR081C,1
YMR094W,1
YGR082W,1
YGR084C,1
YGR090W,1
YGR095C,1
YMR086W,1
YMR084W,1
YGR102C,1
YGR104C,1
YGR131W,1
YMR077C,1
YMR075W,1
YMR071C,1
YGR117C,1
YGR118W,1
YGR121C,1
YMR065W,1
YMR064W,1
YGR126W,1
YGR128C,1
YGR195W,1
YMR010W,1
YGR205W,1
YML061C,1
YGR261C,1
YGR262C,1
YGR273C,1
YGR277C,1
YGR278W,1
YML056C,1
YGR281W,1
YML058W-A,1
YHL047C,1
YML060W,1
YML062C,1
YML041C,1
YHL044W,1
YML064C,1
YHL041W,1
YML069W,1
YHL034C,1
YHL031C,1
YML073C,1
YML079W,1
YML080W,1
YML085C,1
YGR260W,1
YGR258C,1
YGR206W,1
YML006C,1
YMR005W,1
YMR004W,1
YGR207C,1
YGR208W,1
YMR001C-A,1
YMR001C,1
YGR212W,1
YML002W,1
YML003W,1
YGR213C,1
YGR223C,1
YGR253C,1
YGR224W,1
YML009C,1
YGR229C,1
YGR231C,1
YGR233C,1
YML021C,1
YGR239C,1
YML027W,1
YGR240C-A,1
YGR246C,1
YMR099C,1
YMR102C,1
YGL190C,1
YGR071C,1
YMR228W,1
YMR227C,1
YMR226C,1
YGL115W,1
YGL114W,1
YGL113W,1
YMR221C,1
YMR220W,1
YGL112C,1
YGL110C,1
YGL104C,1
YGL099W,1
YMR211W,1
YMR209C,1
YMR208W,1
YGL094C,1
YMR204C,1
YGL090W,1
YGL089C,1
YMR199W,1
YGL085W,1
YGL081W,1
YGL060W,1
YMR230W,1
YMR231W,1
YGL117W,1
YMR247W-A,1
YGL185C,1
YGL183C,1
YGL180W,1
YGL178W,1
YGL173C,1
YMR260C,1
YGL169W,1
YGL167C,1
YGL158W,1
YGL157W,1
YMR247C,1
YMR233W,1
YGL142C,1
YGL141W,1
YGL135W,1
YMR242C,1
YGL134W,1
YMR240C,1
YGL131C,1
YGL130W,1
YGL128C,1
YGL125W,1
YGL058W,1
YGL057C,1
YMR184W,1
YGR035W-A,1
YGR009C,1
YMR134W,1
YMR132C,1
YGR019W,1
YMR130W,1
YGR023W,1
YGR024C,1
YGR026W,1
YGR028W,1
YGR035C,1
YGR040W,1
YMR142C,1
YGR041W,1
YMR119W,1
YGR046W,1
YGR047C,1
YGR053C,1
YGR054W,1
YGR058W,1
YGR065C,1
YGR068C,1
YMR106C,1
YGR006W,1
YGR005C,1
YGL053W,1
YGL022W,1
YGL044C,1
YGL043W,1
YMR180C,1
YMR179W,1
YGL040C,1
YGL039W,1
YGL036W,1
YGL033W,1
YGL032C,1
YMR171C,1
YMR167W,1
YMR144W,1
YMR166C,1
YMR163C,1
YMR160W,1
YMR159C,1
YGL007W,1
YMR154C,1
YMR149W,1
YMR147W,1
YGL001C,1
YGR001C,1
YPR201W,1
